cell,sectors,geometry,t_end,ham_pct,mom_pct,t0_total_canon,t0_rms_canon,t0_total_phantom,t0_rms_phantom,drift_canon,drift_phantom,sep_initial,sep_final,peak_t0,peak_end,min_chi_t0,min_chi_end
single_p,canonical,1 star at grid centre,40.0,0.003087646,0.01807895,15.923771991086788,5.045134153409358,0.0,,0.06066172718790597,,,,0.022597656726075097,0.023403233742741638,0.9893967797847075,0.8509910801222633
single_m,phantom,1 star at grid centre,40.0,0.0890496,0.05204582,0.0,,20.989341778206224,5.4268583569555435,,0.06483327037721409,,,0.030106977761921262,0.030617902229269633,1.0000000027957499,1.001085429627109
pair_pm,canonical + phantom,"x = +4 / -4, sep 8",60.01,0.08322664,0.07420134,15.888958793146218,5.045340150442191,21.027499218032673,5.426684084567007,3.3483582385269983,9.565672168491414,7.999479323911888,1.7821653939474729,0.04074923788091027,0.05482432172950329,0.9843275268344596,0.4406799340241592
pair_pp,canonical x2,"x = +4 / -4, sep 8",60.01,0.003697248,0.04717358,31.908463347847956,6.437167095124279,0.0,,0.15719070561499748,,,,0.03840762617292963,0.02977803465339916,0.9812735133765451,0.4396110602307215
pair_mm,phantom x2,"x = +4 / -4, sep 8",60.01,0.09420501,0.03480485,0.0,,41.891457738384204,6.743142367517635,,0.03884745121336408,,,0.05623461713449975,0.03840893178753049,1.0000000050154152,0.99012005758706
pair_pm_eqm,canonical + phantom (equal |ADM|),"x = +4 / -4, sep 8",60.01,0.08227553,0.07746993,15.894753114783086,5.045296464341313,17.083475348949577,5.162287111719925,2.9425375729932313,9.587568067247119,7.999255959371368,1.35422546511748,0.03887204136170701,0.05684869870110329,0.9821198071279261,0.4103158679829132
pair_mp_mirror,phantom + canonical (mirror control),"x = +4 / -4, sep 8, sectors swapped",60.01,0.08322661,0.07420144,15.88658388140679,5.045419289780923,21.02500469887825,5.4267484448347165,-3.2329876694676436,-9.071485370719508,-8.00085571689256,-2.162358015640695,0.04071346001404409,0.05446539176505176,0.9843472991712702,0.43181331281370183
pair_pm_sep12,canonical + phantom,"x = +6 / -6, sep 12",60.01,0.08319968,0.0742022,15.899923378566331,5.045166129983036,21.015069374101365,5.426869013755216,0.7205169523873067,2.781106908049807,11.999473449052584,9.938883493390083,0.02266137768098028,0.03078389559343745,0.9796400081579189,0.2072020556647237
pair_pm_sep16,canonical + phantom,"x = +8 / -8, sep 16",60.01,0.08325792,0.07441432,15.905740501923859,5.045150294850088,21.00848641701866,5.426873367261117,-0.33838011619985053,0.7367171631012646,15.999500292335075,14.92440301303396,0.022572130191828372,0.029482289875837016,0.9769254088372226,0.25395898476069917
