cell,u,radius,r_psi4
boxC_pm_L128_n256,5.0,16.0,3.657226e-03
boxC_pm_L128_n256,5.0,24.0,4.606797e-03
boxC_pm_L128_n256,5.0,32.0,5.494595e-03
boxC_pm_L128_n256,5.0,40.0,6.414593e-03
boxC_pm_L128_n256,10.0,16.0,6.373964e-03
boxC_pm_L128_n256,10.0,24.0,7.144935e-03
boxC_pm_L128_n256,10.0,32.0,7.988178e-03
boxC_pm_L128_n256,10.0,40.0,8.948162e-03
boxC_pm_L128_n256,15.0,16.0,1.035850e-02
boxC_pm_L128_n256,15.0,24.0,1.053579e-02
boxC_pm_L128_n256,15.0,32.0,1.115021e-02
boxC_pm_L128_n256,15.0,40.0,1.205620e-02
boxC_pm_L128_n256,20.0,16.0,1.532363e-02
boxC_pm_L128_n256,20.0,24.0,1.404188e-02
boxC_pm_L128_n256,20.0,32.0,1.391541e-02
boxC_pm_L128_n256,20.0,40.0,1.437445e-02
boxC_pm_L128_n256,25.0,16.0,2.159914e-02
boxC_pm_L128_n256,25.0,24.0,1.783689e-02
boxC_pm_L128_n256,25.0,32.0,1.649179e-02
boxC_pm_L128_n256,25.0,40.0,1.618540e-02
boxC_pm_L128_n256,30.0,16.0,2.896022e-02
boxC_pm_L128_n256,30.0,24.0,2.124969e-02
boxC_pm_L128_n256,30.0,32.0,1.802310e-02
boxC_pm_L128_n256,30.0,40.0,1.647425e-02
boxC_pm_L128_n256,35.0,16.0,3.729424e-02
boxC_pm_L128_n256,35.0,24.0,2.378679e-02
boxC_pm_L128_n256,35.0,32.0,1.797428e-02
boxC_pm_L128_n256,35.0,40.0,1.469384e-02
boxC_pm_L128_n256,40.0,16.0,4.630489e-02
boxC_pm_L128_n256,40.0,24.0,2.470157e-02
boxC_pm_L128_n256,40.0,32.0,1.560681e-02
boxC_pm_L128_n256,40.0,40.0,1.013848e-02
boxC_pm_L128_n256,45.0,16.0,5.680781e-02
boxC_pm_L128_n256,45.0,24.0,2.484705e-02
boxC_pm_L128_n256,45.0,32.0,1.236877e-02
boxC_pm_L128_n256,45.0,40.0,4.809563e-03
boxC_pp_L128_n256,5.0,16.0,3.514767e-03
boxC_pp_L128_n256,5.0,24.0,5.177427e-03
boxC_pp_L128_n256,5.0,32.0,5.977813e-03
boxC_pp_L128_n256,5.0,40.0,6.771714e-03
boxC_pp_L128_n256,10.0,16.0,2.768144e-02
boxC_pp_L128_n256,10.0,24.0,3.823423e-02
boxC_pp_L128_n256,10.0,32.0,4.913561e-02
boxC_pp_L128_n256,10.0,40.0,5.981281e-02
boxC_pp_L128_n256,15.0,16.0,6.082444e-03
boxC_pp_L128_n256,15.0,24.0,1.573793e-03
boxC_pp_L128_n256,15.0,32.0,3.098171e-03
boxC_pp_L128_n256,15.0,40.0,8.113968e-03
boxC_pp_L128_n256,20.0,16.0,4.146291e-03
boxC_pp_L128_n256,20.0,24.0,7.285396e-03
boxC_pp_L128_n256,20.0,32.0,1.628573e-02
boxC_pp_L128_n256,20.0,40.0,2.627395e-02
boxC_pp_L128_n256,25.0,16.0,9.282984e-03
boxC_pp_L128_n256,25.0,24.0,1.521427e-02
boxC_pp_L128_n256,25.0,32.0,2.033853e-02
boxC_pp_L128_n256,25.0,40.0,2.645077e-02
boxC_pp_L128_n256,30.0,16.0,2.151514e-02
boxC_pp_L128_n256,30.0,24.0,2.978265e-02
boxC_pp_L128_n256,30.0,32.0,3.605951e-02
boxC_pp_L128_n256,30.0,40.0,4.249134e-02
boxC_pp_L128_n256,35.0,16.0,1.439553e-02
boxC_pp_L128_n256,35.0,24.0,1.614080e-02
boxC_pp_L128_n256,35.0,32.0,1.559635e-02
boxC_pp_L128_n256,35.0,40.0,1.492380e-02
boxC_pp_L128_n256,40.0,16.0,8.331976e-03
boxC_pp_L128_n256,40.0,24.0,1.898923e-02
boxC_pp_L128_n256,40.0,32.0,2.954466e-02
boxC_pp_L128_n256,40.0,40.0,4.067193e-02
boxC_pp_L128_n256,45.0,16.0,1.953905e-03
boxC_pp_L128_n256,45.0,24.0,8.045453e-03
boxC_pp_L128_n256,45.0,32.0,1.688970e-02
boxC_pp_L128_n256,45.0,40.0,2.511232e-02
convA_mm_n128,5.0,8.0,9.789517e-03
convA_mm_n128,5.0,16.0,3.710837e-02
convA_mm_n128,10.0,8.0,2.105536e-02
convA_mm_n128,10.0,16.0,5.291143e-03
convA_mm_n128,15.0,8.0,4.604726e-02
convA_mm_n128,15.0,16.0,5.724997e-02
convA_mm_n128,20.0,8.0,2.787814e-02
convA_mm_n128,20.0,16.0,9.604549e-03
convA_mm_n128,25.0,8.0,3.747595e-02
convA_mm_n128,25.0,16.0,7.685064e-02
convA_mm_n128,30.0,8.0,2.431206e-02
convA_mm_n128,30.0,16.0,4.749473e-02
convA_mm_n128,35.0,8.0,1.829643e-02
convA_mm_n128,35.0,16.0,3.611095e-02
convA_mm_n128,40.0,8.0,5.229680e-03
convA_mm_n128,40.0,16.0,2.308523e-02
convA_mm_n192,5.0,8.0,1.116692e-02
convA_mm_n192,5.0,16.0,3.909228e-02
convA_mm_n192,10.0,8.0,1.986172e-02
convA_mm_n192,10.0,16.0,4.207381e-03
convA_mm_n192,15.0,8.0,4.445314e-02
convA_mm_n192,15.0,16.0,5.929132e-02
convA_mm_n192,20.0,8.0,3.280546e-02
convA_mm_n192,20.0,16.0,3.030586e-02
convA_mm_n192,25.0,8.0,4.228606e-02
convA_mm_n192,25.0,16.0,9.230924e-02
convA_mm_n192,30.0,8.0,2.678238e-02
convA_mm_n192,30.0,16.0,5.108550e-02
convA_mm_n192,35.0,8.0,2.223221e-02
convA_mm_n192,35.0,16.0,4.630001e-02
convA_mm_n192,40.0,8.0,1.014989e-02
convA_mm_n192,40.0,16.0,2.937063e-02
convA_mm_n256,5.0,8.0,1.189539e-02
convA_mm_n256,5.0,16.0,3.905759e-02
convA_mm_n256,10.0,8.0,1.906547e-02
convA_mm_n256,10.0,16.0,2.306811e-03
convA_mm_n256,15.0,8.0,4.683135e-02
convA_mm_n256,15.0,16.0,6.118528e-02
convA_mm_n256,20.0,8.0,3.165654e-02
convA_mm_n256,20.0,16.0,3.175418e-02
convA_mm_n256,25.0,8.0,4.483994e-02
convA_mm_n256,25.0,16.0,9.941317e-02
convA_mm_n256,30.0,8.0,2.732945e-02
convA_mm_n256,30.0,16.0,5.209869e-02
convA_mm_n256,35.0,8.0,2.375130e-02
convA_mm_n256,35.0,16.0,5.007617e-02
convA_mm_n256,40.0,8.0,1.169012e-02
convA_mm_n256,40.0,16.0,3.341727e-02
convA_pm_eqm_n128,5.0,8.0,2.311063e-03
convA_pm_eqm_n128,5.0,16.0,3.537502e-03
convA_pm_eqm_n128,10.0,8.0,5.931619e-03
convA_pm_eqm_n128,10.0,16.0,6.058753e-03
convA_pm_eqm_n128,15.0,8.0,1.241353e-02
convA_pm_eqm_n128,15.0,16.0,9.783168e-03
convA_pm_eqm_n128,20.0,8.0,2.280963e-02
convA_pm_eqm_n128,20.0,16.0,1.443714e-02
convA_pm_eqm_n128,25.0,8.0,3.877376e-02
convA_pm_eqm_n128,25.0,16.0,2.027908e-02
convA_pm_eqm_n128,30.0,8.0,6.183298e-02
convA_pm_eqm_n128,30.0,16.0,2.722922e-02
convA_pm_eqm_n128,35.0,8.0,9.313428e-02
convA_pm_eqm_n128,35.0,16.0,3.513644e-02
convA_pm_eqm_n128,40.0,8.0,1.329292e-01
convA_pm_eqm_n128,40.0,16.0,4.329334e-02
convA_pm_eqm_n192,5.0,8.0,2.522649e-03
convA_pm_eqm_n192,5.0,16.0,3.544817e-03
convA_pm_eqm_n192,10.0,8.0,6.106268e-03
convA_pm_eqm_n192,10.0,16.0,6.050801e-03
convA_pm_eqm_n192,15.0,8.0,1.254534e-02
convA_pm_eqm_n192,15.0,16.0,9.754400e-03
convA_pm_eqm_n192,20.0,8.0,2.290815e-02
convA_pm_eqm_n192,20.0,16.0,1.438808e-02
convA_pm_eqm_n192,25.0,8.0,3.880834e-02
convA_pm_eqm_n192,25.0,16.0,2.017671e-02
convA_pm_eqm_n192,30.0,8.0,6.185810e-02
convA_pm_eqm_n192,30.0,16.0,2.711840e-02
convA_pm_eqm_n192,35.0,8.0,9.319925e-02
convA_pm_eqm_n192,35.0,16.0,3.498850e-02
convA_pm_eqm_n192,40.0,8.0,1.331612e-01
convA_pm_eqm_n192,40.0,16.0,4.308777e-02
convA_pm_eqm_n256,5.0,8.0,2.572374e-03
convA_pm_eqm_n256,5.0,16.0,3.564893e-03
convA_pm_eqm_n256,10.0,8.0,6.163810e-03
convA_pm_eqm_n256,10.0,16.0,6.074237e-03
convA_pm_eqm_n256,15.0,8.0,1.261780e-02
convA_pm_eqm_n256,15.0,16.0,9.785838e-03
convA_pm_eqm_n256,20.0,8.0,2.302444e-02
convA_pm_eqm_n256,20.0,16.0,1.443501e-02
convA_pm_eqm_n256,25.0,8.0,3.899239e-02
convA_pm_eqm_n256,25.0,16.0,2.023532e-02
convA_pm_eqm_n256,30.0,8.0,6.217493e-02
convA_pm_eqm_n256,30.0,16.0,2.723169e-02
convA_pm_eqm_n256,35.0,8.0,9.376372e-02
convA_pm_eqm_n256,35.0,16.0,3.518535e-02
convA_pm_eqm_n256,40.0,8.0,1.341497e-01
convA_pm_eqm_n256,40.0,16.0,4.339554e-02
convA_pm_n128,5.0,8.0,2.045495e-03
convA_pm_n128,5.0,16.0,3.660097e-03
convA_pm_n128,10.0,8.0,5.664616e-03
convA_pm_n128,10.0,16.0,6.378523e-03
convA_pm_n128,15.0,8.0,1.223474e-02
convA_pm_n128,15.0,16.0,1.036865e-02
convA_pm_n128,20.0,8.0,2.276102e-02
convA_pm_n128,20.0,16.0,1.534569e-02
convA_pm_n128,25.0,8.0,3.889303e-02
convA_pm_n128,25.0,16.0,2.163781e-02
convA_pm_n128,30.0,8.0,6.202241e-02
convA_pm_n128,30.0,16.0,2.901405e-02
convA_pm_n128,35.0,8.0,9.286214e-02
convA_pm_n128,35.0,16.0,3.737303e-02
convA_pm_n128,40.0,8.0,1.312897e-01
convA_pm_n128,40.0,16.0,4.652209e-02
convA_pm_n192,5.0,8.0,2.180715e-03
convA_pm_n192,5.0,16.0,3.694162e-03
convA_pm_n192,10.0,8.0,5.764476e-03
convA_pm_n192,10.0,16.0,6.377096e-03
convA_pm_n192,15.0,8.0,1.229478e-02
convA_pm_n192,15.0,16.0,1.036048e-02
convA_pm_n192,20.0,8.0,2.279874e-02
convA_pm_n192,20.0,16.0,1.532702e-02
convA_pm_n192,25.0,8.0,3.886910e-02
convA_pm_n192,25.0,16.0,2.155869e-02
convA_pm_n192,30.0,8.0,6.196674e-02
convA_pm_n192,30.0,16.0,2.891993e-02
convA_pm_n192,35.0,8.0,9.289672e-02
convA_pm_n192,35.0,16.0,3.724685e-02
convA_pm_n192,40.0,8.0,1.315290e-01
convA_pm_n192,40.0,16.0,4.632761e-02
convA_pm_n256,5.0,8.0,2.267955e-03
convA_pm_n256,5.0,16.0,3.716919e-03
convA_pm_n256,10.0,8.0,5.855481e-03
convA_pm_n256,10.0,16.0,6.397857e-03
convA_pm_n256,15.0,8.0,1.240031e-02
convA_pm_n256,15.0,16.0,1.039023e-02
convA_pm_n256,20.0,8.0,2.295004e-02
convA_pm_n256,20.0,16.0,1.537620e-02
convA_pm_n256,25.0,8.0,3.908778e-02
convA_pm_n256,25.0,16.0,2.162063e-02
convA_pm_n256,30.0,8.0,6.230885e-02
convA_pm_n256,30.0,16.0,2.903879e-02
convA_pm_n256,35.0,8.0,9.348498e-02
convA_pm_n256,35.0,16.0,3.746612e-02
convA_pm_n256,40.0,8.0,1.325456e-01
convA_pm_n256,40.0,16.0,4.667751e-02
convA_pm_sep12_n128,5.0,8.0,1.330597e-03
convA_pm_sep12_n128,5.0,16.0,2.387133e-03
convA_pm_sep12_n128,10.0,8.0,4.350851e-03
convA_pm_sep12_n128,10.0,16.0,4.290588e-03
convA_pm_sep12_n128,15.0,8.0,1.049202e-02
convA_pm_sep12_n128,15.0,16.0,7.646168e-03
convA_pm_sep12_n128,20.0,8.0,2.123631e-02
convA_pm_sep12_n128,20.0,16.0,1.238741e-02
convA_pm_sep12_n128,25.0,8.0,3.855897e-02
convA_pm_sep12_n128,25.0,16.0,1.877619e-02
convA_pm_sep12_n128,30.0,8.0,6.481211e-02
convA_pm_sep12_n128,30.0,16.0,2.705947e-02
convA_pm_sep12_n128,35.0,8.0,1.033399e-01
convA_pm_sep12_n128,35.0,16.0,3.809804e-02
convA_pm_sep12_n128,40.0,8.0,1.609513e-01
convA_pm_sep12_n128,40.0,16.0,5.301686e-02
convA_pm_sep12_n192,5.0,8.0,1.466385e-03
convA_pm_sep12_n192,5.0,16.0,2.449179e-03
convA_pm_sep12_n192,10.0,8.0,4.441546e-03
convA_pm_sep12_n192,10.0,16.0,4.323225e-03
convA_pm_sep12_n192,15.0,8.0,1.052843e-02
convA_pm_sep12_n192,15.0,16.0,7.651581e-03
convA_pm_sep12_n192,20.0,8.0,2.120084e-02
convA_pm_sep12_n192,20.0,16.0,1.235709e-02
convA_pm_sep12_n192,25.0,8.0,3.837687e-02
convA_pm_sep12_n192,25.0,16.0,1.863621e-02
convA_pm_sep12_n192,30.0,8.0,6.444840e-02
convA_pm_sep12_n192,30.0,16.0,2.681865e-02
convA_pm_sep12_n192,35.0,8.0,1.026909e-01
convA_pm_sep12_n192,35.0,16.0,3.762158e-02
convA_pm_sep12_n192,40.0,8.0,1.589186e-01
convA_pm_sep12_n192,40.0,16.0,5.218496e-02
convA_pm_sep12_n256,5.0,8.0,1.540256e-03
convA_pm_sep12_n256,5.0,16.0,2.473674e-03
convA_pm_sep12_n256,10.0,8.0,4.528835e-03
convA_pm_sep12_n256,10.0,16.0,4.344159e-03
convA_pm_sep12_n256,15.0,8.0,1.063729e-02
convA_pm_sep12_n256,15.0,16.0,7.663991e-03
convA_pm_sep12_n256,20.0,8.0,2.135546e-02
convA_pm_sep12_n256,20.0,16.0,1.236330e-02
convA_pm_sep12_n256,25.0,8.0,3.859736e-02
convA_pm_sep12_n256,25.0,16.0,1.862409e-02
convA_pm_sep12_n256,30.0,8.0,6.478270e-02
convA_pm_sep12_n256,30.0,16.0,2.681209e-02
convA_pm_sep12_n256,35.0,8.0,1.032367e-01
convA_pm_sep12_n256,35.0,16.0,3.763091e-02
convA_pm_sep12_n256,40.0,8.0,1.598647e-01
convA_pm_sep12_n256,40.0,16.0,5.220326e-02
convA_pm_sep16_n128,5.0,8.0,2.619337e-04
convA_pm_sep16_n128,5.0,16.0,7.713342e-04
convA_pm_sep16_n128,10.0,8.0,9.082385e-04
convA_pm_sep16_n128,10.0,16.0,1.674183e-03
convA_pm_sep16_n128,15.0,8.0,4.160361e-03
convA_pm_sep16_n128,15.0,16.0,3.480051e-03
convA_pm_sep16_n128,20.0,8.0,1.095934e-02
convA_pm_sep16_n128,20.0,16.0,6.294154e-03
convA_pm_sep16_n128,25.0,8.0,2.308789e-02
convA_pm_sep16_n128,25.0,16.0,1.037633e-02
convA_pm_sep16_n128,30.0,8.0,4.261813e-02
convA_pm_sep16_n128,30.0,16.0,1.610627e-02
convA_pm_sep16_n128,35.0,8.0,7.235683e-02
convA_pm_sep16_n128,35.0,16.0,2.445984e-02
convA_pm_sep16_n128,40.0,8.0,1.165618e-01
convA_pm_sep16_n128,40.0,16.0,3.657697e-02
convA_pm_sep16_n192,5.0,8.0,1.121665e-04
convA_pm_sep16_n192,5.0,16.0,9.056674e-04
convA_pm_sep16_n192,10.0,8.0,1.066178e-03
convA_pm_sep16_n192,10.0,16.0,1.798257e-03
convA_pm_sep16_n192,15.0,8.0,4.299403e-03
convA_pm_sep16_n192,15.0,16.0,3.580621e-03
convA_pm_sep16_n192,20.0,8.0,1.105733e-02
convA_pm_sep16_n192,20.0,16.0,6.379410e-03
convA_pm_sep16_n192,25.0,8.0,2.306221e-02
convA_pm_sep16_n192,25.0,16.0,1.038939e-02
convA_pm_sep16_n192,30.0,8.0,4.239369e-02
convA_pm_sep16_n192,30.0,16.0,1.603398e-02
convA_pm_sep16_n192,35.0,8.0,7.171848e-02
convA_pm_sep16_n192,35.0,16.0,2.416077e-02
convA_pm_sep16_n192,40.0,8.0,1.151439e-01
convA_pm_sep16_n192,40.0,16.0,3.593251e-02
convA_pm_sep16_n256,5.0,8.0,1.558780e-04
convA_pm_sep16_n256,5.0,16.0,9.049461e-04
convA_pm_sep16_n256,10.0,8.0,1.022676e-03
convA_pm_sep16_n256,10.0,16.0,1.781817e-03
convA_pm_sep16_n256,15.0,8.0,4.273740e-03
convA_pm_sep16_n256,15.0,16.0,3.543419e-03
convA_pm_sep16_n256,20.0,8.0,1.107848e-02
convA_pm_sep16_n256,20.0,16.0,6.325631e-03
convA_pm_sep16_n256,25.0,8.0,2.316923e-02
convA_pm_sep16_n256,25.0,16.0,1.031758e-02
convA_pm_sep16_n256,30.0,8.0,4.265685e-02
convA_pm_sep16_n256,30.0,16.0,1.596444e-02
convA_pm_sep16_n256,35.0,8.0,7.226752e-02
convA_pm_sep16_n256,35.0,16.0,2.410309e-02
convA_pm_sep16_n256,40.0,8.0,1.162411e-01
convA_pm_sep16_n256,40.0,16.0,3.590520e-02
convA_pp_n128,5.0,8.0,9.311394e-04
convA_pp_n128,5.0,16.0,1.060290e-03
convA_pp_n128,10.0,8.0,1.068371e-02
convA_pp_n128,10.0,16.0,2.552451e-02
convA_pp_n128,15.0,8.0,8.523555e-03
convA_pp_n128,15.0,16.0,4.528475e-03
convA_pp_n128,20.0,8.0,1.219352e-02
convA_pp_n128,20.0,16.0,2.386090e-03
convA_pp_n128,25.0,8.0,3.127280e-03
convA_pp_n128,25.0,16.0,8.101226e-03
convA_pp_n128,30.0,8.0,3.135196e-03
convA_pp_n128,30.0,16.0,2.259302e-02
convA_pp_n128,35.0,8.0,4.931922e-03
convA_pp_n128,35.0,16.0,1.392924e-02
convA_pp_n128,40.0,8.0,1.806931e-02
convA_pp_n128,40.0,16.0,5.890831e-03
convA_pp_n192,5.0,8.0,7.173641e-04
convA_pp_n192,5.0,16.0,1.581939e-03
convA_pp_n192,10.0,8.0,8.156619e-03
convA_pp_n192,10.0,16.0,2.043117e-02
convA_pp_n192,15.0,8.0,1.003757e-02
convA_pp_n192,15.0,16.0,6.603386e-03
convA_pp_n192,20.0,8.0,1.784822e-02
convA_pp_n192,20.0,16.0,9.559349e-03
convA_pp_n192,25.0,8.0,4.638509e-03
convA_pp_n192,25.0,16.0,1.337222e-03
convA_pp_n192,30.0,8.0,3.239623e-03
convA_pp_n192,30.0,16.0,2.523130e-02
convA_pp_n192,35.0,8.0,6.191945e-03
convA_pp_n192,35.0,16.0,1.927090e-02
convA_pp_n192,40.0,8.0,2.060450e-02
convA_pp_n192,40.0,16.0,7.977029e-03
convA_pp_n256,5.0,8.0,2.244234e-03
convA_pp_n256,5.0,16.0,2.108466e-03
convA_pp_n256,10.0,8.0,6.043156e-03
convA_pp_n256,10.0,16.0,2.434481e-02
convA_pp_n256,15.0,8.0,5.584164e-03
convA_pp_n256,15.0,16.0,6.679604e-03
convA_pp_n256,20.0,8.0,1.518076e-02
convA_pp_n256,20.0,16.0,1.583331e-02
convA_pp_n256,25.0,8.0,3.414863e-03
convA_pp_n256,25.0,16.0,9.522772e-03
convA_pp_n256,30.0,8.0,8.599779e-03
convA_pp_n256,30.0,16.0,2.841713e-02
convA_pp_n256,35.0,8.0,5.288879e-03
convA_pp_n256,35.0,16.0,1.596069e-02
convA_pp_n256,40.0,8.0,1.796405e-02
convA_pp_n256,40.0,16.0,1.181834e-02
next_lever_omega0615,5.0,8.0,5.182487e-03
next_lever_omega0615,5.0,16.0,2.887268e-03
next_lever_omega0615,10.0,8.0,9.262790e-03
next_lever_omega0615,10.0,16.0,4.818748e-03
next_lever_omega0615,15.0,8.0,1.577026e-02
next_lever_omega0615,15.0,16.0,7.727413e-03
next_lever_omega0615,20.0,8.0,2.573355e-02
next_lever_omega0615,20.0,16.0,1.140244e-02
next_lever_omega0615,25.0,8.0,4.062722e-02
next_lever_omega0615,25.0,16.0,1.609005e-02
next_lever_omega0615,30.0,8.0,6.206553e-02
next_lever_omega0615,30.0,16.0,2.175688e-02
next_lever_omega0615,35.0,8.0,9.162629e-02
next_lever_omega0615,35.0,16.0,2.795457e-02
next_lever_omega0615,40.0,8.0,1.309790e-01
next_lever_omega0615,40.0,16.0,3.389293e-02
next_spongeA_boxC,5.0,16.0,3.657226e-03
next_spongeA_boxC,5.0,24.0,4.606796e-03
next_spongeA_boxC,5.0,32.0,5.494580e-03
next_spongeA_boxC,5.0,40.0,6.414596e-03
next_spongeA_boxC,10.0,16.0,6.373964e-03
next_spongeA_boxC,10.0,24.0,7.144932e-03
next_spongeA_boxC,10.0,32.0,7.988198e-03
next_spongeA_boxC,10.0,40.0,8.948161e-03
next_spongeA_boxC,15.0,16.0,1.035850e-02
next_spongeA_boxC,15.0,24.0,1.053574e-02
next_spongeA_boxC,15.0,32.0,1.115020e-02
next_spongeA_boxC,15.0,40.0,1.205616e-02
next_spongeA_boxC,20.0,16.0,1.532363e-02
next_spongeA_boxC,20.0,24.0,1.404178e-02
next_spongeA_boxC,20.0,32.0,1.391541e-02
next_spongeA_boxC,20.0,40.0,1.437437e-02
next_spongeA_boxC,25.0,16.0,2.159914e-02
next_spongeA_boxC,25.0,24.0,1.783683e-02
next_spongeA_boxC,25.0,32.0,1.649180e-02
next_spongeA_boxC,25.0,40.0,1.618535e-02
next_spongeA_boxC,30.0,16.0,2.896023e-02
next_spongeA_boxC,30.0,24.0,2.124969e-02
next_spongeA_boxC,30.0,32.0,1.802309e-02
next_spongeA_boxC,30.0,40.0,1.647415e-02
next_spongeA_boxC,35.0,16.0,3.729424e-02
next_spongeA_boxC,35.0,24.0,2.378677e-02
next_spongeA_boxC,35.0,32.0,1.797424e-02
next_spongeA_boxC,35.0,40.0,1.469375e-02
next_spongeA_boxC,40.0,16.0,4.630487e-02
next_spongeA_boxC,40.0,24.0,2.470155e-02
next_spongeA_boxC,40.0,32.0,1.560742e-02
next_spongeA_boxC,40.0,40.0,1.013858e-02
next_spongeA_boxC,45.0,16.0,5.680813e-02
next_spongeA_boxC,45.0,24.0,2.484549e-02
next_spongeA_boxC,45.0,32.0,1.236606e-02
next_spongeA_boxC,45.0,40.0,4.811245e-03
next_spongeB_sep16_long,5.0,16.0,7.735781e-04
next_spongeB_sep16_long,5.0,24.0,1.846109e-03
next_spongeB_sep16_long,5.0,32.0,2.283241e-03
next_spongeB_sep16_long,5.0,40.0,2.700892e-03
next_spongeB_sep16_long,10.0,16.0,1.668646e-03
next_spongeB_sep16_long,10.0,24.0,2.519557e-03
next_spongeB_sep16_long,10.0,32.0,2.840149e-03
next_spongeB_sep16_long,10.0,40.0,3.161581e-03
next_spongeB_sep16_long,15.0,16.0,3.444845e-03
next_spongeB_sep16_long,15.0,24.0,4.087219e-03
next_spongeB_sep16_long,15.0,32.0,4.444939e-03
next_spongeB_sep16_long,15.0,40.0,4.848586e-03
next_spongeB_sep16_long,20.0,16.0,6.235125e-03
next_spongeB_sep16_long,20.0,24.0,6.443753e-03
next_spongeB_sep16_long,20.0,32.0,6.825176e-03
next_spongeB_sep16_long,20.0,40.0,7.323412e-03
next_spongeB_sep16_long,25.0,16.0,1.032089e-02
next_spongeB_sep16_long,25.0,24.0,9.509615e-03
next_spongeB_sep16_long,25.0,32.0,9.758942e-03
next_spongeB_sep16_long,25.0,40.0,1.024065e-02
next_spongeB_sep16_long,30.0,16.0,1.608794e-02
next_spongeB_sep16_long,30.0,24.0,1.304058e-02
next_spongeB_sep16_long,30.0,32.0,1.282818e-02
next_spongeB_sep16_long,30.0,40.0,1.303937e-02
next_spongeB_sep16_long,35.0,16.0,2.446011e-02
next_spongeB_sep16_long,35.0,24.0,1.711737e-02
next_spongeB_sep16_long,35.0,32.0,1.605502e-02
next_spongeB_sep16_long,35.0,40.0,1.572382e-02
next_spongeB_sep16_long,40.0,16.0,3.646382e-02
next_spongeB_sep16_long,40.0,24.0,2.138971e-02
next_spongeB_sep16_long,40.0,32.0,1.887776e-02
next_spongeB_sep16_long,40.0,40.0,1.758058e-02
next_spongeB_sep16_long,45.0,16.0,5.332959e-02
next_spongeB_sep16_long,45.0,24.0,2.514752e-02
next_spongeB_sep16_long,45.0,32.0,2.034994e-02
next_spongeB_sep16_long,45.0,40.0,1.752090e-02
next_tolB_n128,5.0,8.0,1.330597e-03
next_tolB_n128,5.0,16.0,2.387133e-03
next_tolB_n128,10.0,8.0,4.350851e-03
next_tolB_n128,10.0,16.0,4.290588e-03
next_tolB_n128,15.0,8.0,1.049202e-02
next_tolB_n128,15.0,16.0,7.646168e-03
next_tolB_n128,20.0,8.0,2.123631e-02
next_tolB_n128,20.0,16.0,1.238741e-02
next_tolB_n128,25.0,8.0,3.855897e-02
next_tolB_n128,25.0,16.0,1.877619e-02
next_tolB_n128,30.0,8.0,6.481211e-02
next_tolB_n128,30.0,16.0,2.705947e-02
next_tolB_n128,35.0,8.0,1.033399e-01
next_tolB_n128,35.0,16.0,3.809804e-02
next_tolB_n128,40.0,8.0,1.600323e-01
next_tolB_n128,40.0,16.0,5.301686e-02
next_tolB_n192,5.0,8.0,1.466693e-03
next_tolB_n192,5.0,16.0,2.449602e-03
next_tolB_n192,10.0,8.0,4.443490e-03
next_tolB_n192,10.0,16.0,4.324709e-03
next_tolB_n192,15.0,8.0,1.053252e-02
next_tolB_n192,15.0,16.0,7.653606e-03
next_tolB_n192,20.0,8.0,2.120779e-02
next_tolB_n192,20.0,16.0,1.235986e-02
next_tolB_n192,25.0,8.0,3.838769e-02
next_tolB_n192,25.0,16.0,1.864022e-02
next_tolB_n192,30.0,8.0,6.446421e-02
next_tolB_n192,30.0,16.0,2.682446e-02
next_tolB_n192,35.0,8.0,1.027134e-01
next_tolB_n192,35.0,16.0,3.762991e-02
next_tolB_n192,40.0,8.0,1.589513e-01
next_tolB_n192,40.0,16.0,5.219667e-02
next_tolB_n256,5.0,8.0,1.540664e-03
next_tolB_n256,5.0,16.0,2.474188e-03
next_tolB_n256,10.0,8.0,4.531075e-03
next_tolB_n256,10.0,16.0,4.345856e-03
next_tolB_n256,15.0,8.0,1.064192e-02
next_tolB_n256,15.0,16.0,7.666281e-03
next_tolB_n256,20.0,8.0,2.136327e-02
next_tolB_n256,20.0,16.0,1.236642e-02
next_tolB_n256,25.0,8.0,3.860947e-02
next_tolB_n256,25.0,16.0,1.862858e-02
next_tolB_n256,30.0,8.0,6.480035e-02
next_tolB_n256,30.0,16.0,2.681859e-02
next_tolB_n256,35.0,8.0,1.032618e-01
next_tolB_n256,35.0,16.0,3.764022e-02
next_tolB_n256,40.0,8.0,1.599011e-01
next_tolB_n256,40.0,16.0,5.221634e-02
pair_mp_mirror,5.0,8.0,2.707469e-03
pair_mp_mirror,5.0,16.0,3.738948e-03
pair_mp_mirror,10.0,8.0,6.199200e-03
pair_mp_mirror,10.0,16.0,6.508215e-03
pair_mp_mirror,15.0,8.0,1.262749e-02
pair_mp_mirror,15.0,16.0,1.052350e-02
pair_mp_mirror,20.0,8.0,2.300826e-02
pair_mp_mirror,20.0,16.0,1.553735e-02
pair_mp_mirror,25.0,8.0,3.899418e-02
pair_mp_mirror,25.0,16.0,2.193709e-02
pair_mp_mirror,30.0,8.0,6.206642e-02
pair_mp_mirror,30.0,16.0,2.954702e-02
pair_mp_mirror,35.0,8.0,9.315126e-02
pair_mp_mirror,35.0,16.0,3.833815e-02
pair_mp_mirror,40.0,8.0,1.328092e-01
pair_mp_mirror,40.0,16.0,4.831639e-02
pair_pm,5.0,8.0,2.045493e-03
pair_pm,5.0,16.0,3.660102e-03
pair_pm,10.0,8.0,5.664617e-03
pair_pm,10.0,16.0,6.378527e-03
pair_pm,15.0,8.0,1.223474e-02
pair_pm,15.0,16.0,1.036864e-02
pair_pm,20.0,8.0,2.276103e-02
pair_pm,20.0,16.0,1.534570e-02
pair_pm,25.0,8.0,3.889304e-02
pair_pm,25.0,16.0,2.163784e-02
pair_pm,30.0,8.0,6.202241e-02
pair_pm,30.0,16.0,2.901404e-02
pair_pm,35.0,8.0,9.286213e-02
pair_pm,35.0,16.0,3.737309e-02
pair_pm,40.0,8.0,1.313907e-01
pair_pm,40.0,16.0,4.658403e-02
pair_pm_eqm_v2,5.0,8.0,2.311063e-03
pair_pm_eqm_v2,5.0,16.0,3.537502e-03
pair_pm_eqm_v2,10.0,8.0,5.931619e-03
pair_pm_eqm_v2,10.0,16.0,6.058753e-03
pair_pm_eqm_v2,15.0,8.0,1.241353e-02
pair_pm_eqm_v2,15.0,16.0,9.783168e-03
pair_pm_eqm_v2,20.0,8.0,2.280963e-02
pair_pm_eqm_v2,20.0,16.0,1.443714e-02
pair_pm_eqm_v2,25.0,8.0,3.877376e-02
pair_pm_eqm_v2,25.0,16.0,2.027908e-02
pair_pm_eqm_v2,30.0,8.0,6.183298e-02
pair_pm_eqm_v2,30.0,16.0,2.722922e-02
pair_pm_eqm_v2,35.0,8.0,9.313428e-02
pair_pm_eqm_v2,35.0,16.0,3.513683e-02
pair_pm_eqm_v2,40.0,8.0,1.330399e-01
pair_pm_eqm_v2,40.0,16.0,4.333258e-02
pair_pm_v2,5.0,8.0,2.045495e-03
pair_pm_v2,5.0,16.0,3.660097e-03
pair_pm_v2,10.0,8.0,5.664616e-03
pair_pm_v2,10.0,16.0,6.378523e-03
pair_pm_v2,15.0,8.0,1.223474e-02
pair_pm_v2,15.0,16.0,1.036865e-02
pair_pm_v2,20.0,8.0,2.276102e-02
pair_pm_v2,20.0,16.0,1.534569e-02
pair_pm_v2,25.0,8.0,3.889303e-02
pair_pm_v2,25.0,16.0,2.163781e-02
pair_pm_v2,30.0,8.0,6.202241e-02
pair_pm_v2,30.0,16.0,2.901405e-02
pair_pm_v2,35.0,8.0,9.286214e-02
pair_pm_v2,35.0,16.0,3.737307e-02
pair_pm_v2,40.0,8.0,1.313907e-01
pair_pm_v2,40.0,16.0,4.658397e-02
single_m,5.0,8.0,1.193579e-02
single_m,5.0,16.0,8.607480e-04
single_m,10.0,8.0,1.686215e-02
single_m,10.0,16.0,1.322278e-03
single_m,15.0,8.0,2.131852e-02
single_m,15.0,16.0,2.038538e-03
single_m,20.0,8.0,2.480686e-02
single_m,20.0,16.0,3.009138e-03
single_p,5.0,8.0,1.153780e-02
single_p,5.0,16.0,2.174331e-03
single_p,10.0,8.0,1.804995e-02
single_p,10.0,16.0,2.479287e-03
single_p,15.0,8.0,2.474409e-02
single_p,15.0,16.0,1.358929e-03
single_p,20.0,8.0,3.154575e-02
single_p,20.0,16.0,1.580822e-03
