sector,omega,status,phi_c,adm_mass,r99_iso,r90_iso,r99_areal,compactness_iso,compactness_areal
canonical,0.53,ok,0.019618652,0.079391108,8.957655,8.056484,9.037222,1.772587e-02,1.756980e-02
phantom,0.53,ok,0.019502450,-0.099320203,9.628233,8.877467,9.529168,2.063104e-02,2.084551e-02
canonical,0.535,ok,0.019637754,0.075088449,8.880631,7.929704,8.955878,1.691061e-02,1.676853e-02
phantom,0.535,ok,0.019524418,-0.092926577,9.499702,8.699130,9.407002,1.956410e-02,1.975689e-02
canonical,0.54,ok,0.019656814,0.071097875,8.805924,7.804601,8.877165,1.614774e-02,1.601815e-02
phantom,0.54,ok,0.019546258,-0.087104713,9.370168,8.519206,9.283266,1.859192e-02,1.876596e-02
canonical,0.545,ok,0.019675802,0.067386050,8.775245,7.674089,8.842760,1.535821e-02,1.524095e-02
phantom,0.545,ok,0.019567956,-0.081809535,9.262758,8.361647,9.181130,1.766418e-02,1.782124e-02
canonical,0.55,ok,0.019694685,0.063950978,8.718465,7.567149,8.782534,1.467024e-02,1.456322e-02
phantom,0.55,ok,0.019589495,-0.076962392,9.155388,8.204118,9.078588,1.681248e-02,1.695471e-02
canonical,0.555,ok,0.019713428,0.060748807,8.658757,7.457220,8.719612,1.403176e-02,1.393383e-02
phantom,0.555,ok,0.019610853,-0.072516471,9.100033,8.049293,9.027661,1.593763e-02,1.606539e-02
canonical,0.56,ok,0.019731997,0.057760567,8.596262,7.345321,8.654120,1.343853e-02,1.334869e-02
phantom,0.56,ok,0.019632001,-0.068435828,9.006796,7.905350,8.938490,1.519649e-02,1.531261e-02
canonical,0.56598,ok,0.019753919,0.054458539,8.532502,7.231274,8.587048,1.276496e-02,1.268388e-02
phantom,0.56598,ok,0.019657190,-0.063949520,8.950832,7.750001,8.886996,1.428907e-02,1.439171e-02
canonical,0.57,ok,0.019768232,0.052410825,8.503629,7.151807,8.556121,1.232670e-02,1.225107e-02
phantom,0.57,ok,0.019673746,-0.061188882,8.894792,7.643821,8.833708,1.375836e-02,1.385350e-02
canonical,0.575,ok,0.019786056,0.049974542,8.459076,7.057294,8.509124,1.181560e-02,1.174611e-02
phantom,0.575,ok,0.019694064,-0.057993415,8.824132,7.522745,8.766234,1.314428e-02,1.323109e-02
canonical,0.58,ok,0.019803535,0.047690150,8.462328,6.960488,8.510086,1.127117e-02,1.120791e-02
phantom,0.58,ok,0.019714041,-0.055026671,8.748376,7.397397,8.693436,1.257986e-02,1.265936e-02
canonical,0.59,ok,0.019837261,0.043546360,8.386763,6.785349,8.430366,1.038454e-02,1.033083e-02
phantom,0.59,ok,0.019752805,-0.049735947,8.693287,7.192093,8.643622,1.144238e-02,1.150813e-02
canonical,0.6,ok,0.019869002,0.039891858,8.374633,6.622790,8.414572,9.526831e-03,9.481613e-03
phantom,0.6,ok,0.019789676,-0.045136667,8.583337,6.981842,8.538259,1.051728e-02,1.057280e-02
canonical,0.615,ok,0.019911915,0.035175319,8.300743,6.399437,8.335955,8.475222e-03,8.439421e-03
phantom,0.615,ok,0.019840521,-0.039328788,8.524293,6.722384,8.485009,9.227461e-03,9.270182e-03
canonical,0.63,ok,0.019947717,0.031215421,8.308174,6.205481,8.339419,7.514388e-03,7.486234e-03
phantom,0.63,ok,0.019884623,-0.034536500,8.480240,6.478287,8.445738,8.145171e-03,8.178444e-03
canonical,0.65,ok,0.019981229,0.026859397,8.331111,5.978850,8.357992,6.447975e-03,6.427237e-03
phantom,0.65,ok,0.019929885,-0.029369388,8.454405,6.201394,8.425061,6.947713e-03,6.971911e-03
canonical,0.67,ok,0.019994060,0.023320507,8.372289,5.769465,8.395626,5.570880e-03,5.555395e-03
phantom,0.67,ok,0.019955358,-0.025255232,8.464115,5.961110,8.438878,5.967602e-03,5.985448e-03
canonical,0.69,ok,0.019980835,0.020420590,8.443500,5.591248,8.463933,4.836997e-03,4.825319e-03
phantom,0.69,ok,0.019955762,-0.021941450,8.573804,5.770814,8.551876,5.118253e-03,5.131377e-03
canonical,0.71,ok,0.019935523,0.018024143,8.598922,5.446667,8.616956,4.192186e-03,4.183413e-03
phantom,0.71,ok,0.019925163,-0.019229441,8.650341,5.598216,8.631122,4.445938e-03,4.455838e-03
canonical,0.73,ok,0.019851319,0.016027998,8.786303,5.333215,8.802339,3.648405e-03,3.641759e-03
phantom,0.73,ok,0.019856858,-0.016994905,8.815743,5.461774,8.798757,3.855581e-03,3.863024e-03
canonical,0.75,ok,0.019720470,0.014349964,8.990331,5.237178,9.004687,3.192310e-03,3.187221e-03
phantom,0.75,ok,0.019743220,-0.015131144,9.042302,5.339291,9.027177,3.346746e-03,3.352353e-03
canonical,0.775,ok,0.019477510,0.012612290,9.344145,5.140822,9.356761,2.699507e-03,2.695867e-03
phantom,0.775,ok,0.019523878,-0.013225540,9.389985,5.236455,9.376764,2.816946e-03,2.820918e-03
canonical,0.8,ok,0.019126449,0.011209378,9.814080,5.108319,9.825292,2.284346e-03,2.281739e-03
phantom,0.8,ok,0.019199190,-0.011692158,9.836654,5.182452,9.824965,2.377263e-03,2.380092e-03
canonical,0.825,ok,0.018640633,0.010064543,10.347567,5.343800,10.357634,1.945296e-03,1.943406e-03
phantom,0.825,ok,0.018743158,-0.010453016,10.370926,5.365241,10.360475,2.015831e-03,2.017864e-03
canonical,0.85,ok,0.017985047,0.009156190,11.068875,5.712571,11.078033,1.654403e-03,1.653035e-03
phantom,0.85,ok,0.018121787,-0.009461162,11.099914,5.695986,11.090455,1.704727e-03,1.706181e-03
canonical,0.875,ok,0.017111488,0.008453122,12.051542,6.197367,12.059996,1.402828e-03,1.401845e-03
phantom,0.875,ok,0.017288556,-0.008700494,12.034050,6.178368,12.025351,1.445979e-03,1.447025e-03
canonical,0.9,ok,0.015949103,0.007963402,13.402839,6.848197,13.410803,1.188316e-03,1.187610e-03
phantom,0.9,ok,0.016175658,-0.008158935,13.369379,6.861504,13.361221,1.220541e-03,1.221286e-03
